<?xml version="1.0" encoding="UTF-8"?>
<export version="D">
  <design>
    <source>E:\PCBs\ZX Spectrum\PlusD_Clone_1_3\PlusD_Clone_1_3.sch</source>
    <date>31-08-2020 7:53:38 AM</date>
    <tool>Eeschema (5.1.6)-1</tool>
    <sheet number="1" name="/" tstamps="/">
      <title_block>
        <title>+D Disk Interface Clone</title>
        <company>MerlinKV</company>
        <rev>1.3</rev>
        <date>2020-08-16</date>
        <source>PlusD_Clone_1_3.sch</source>
        <comment number="1" value="For any ZX Spectrum"/>
        <comment number="2" value="New design by MerlinKV"/>
        <comment number="3" value=""/>
        <comment number="4" value=""/>
      </title_block>
    </sheet>
  </design>
  <components>
    <comp ref="J2">
      <value>FDD_CONNECTOR</value>
      <footprint>Connector_PinHeader_2.54mm:PinHeader_2x17_P2.54mm_Vertical</footprint>
      <datasheet>~</datasheet>
      <libsource lib="Connector_Generic" part="Conn_02x17_Odd_Even" description="Generic connector, double row, 02x17, odd/even pin numbering scheme (row 1 odd numbers, row 2 even numbers), script generated (kicad-library-utils/schlib/autogen/connector/)"/>
      <sheetpath names="/" tstamps="/"/>
      <tstamp>5B1B78A6</tstamp>
    </comp>
    <comp ref="IC5">
      <value>74LS06</value>
      <footprint>Package_DIP:DIP-14_W7.62mm_Socket_LongPads</footprint>
      <libsource lib="74xx" part="74LS06" description="Inverter Open Collect"/>
      <sheetpath names="/" tstamps="/"/>
      <tstamp>5B1B8575</tstamp>
    </comp>
    <comp ref="IC9">
      <value>74LS00</value>
      <footprint>Package_DIP:DIP-14_W7.62mm_Socket_LongPads</footprint>
      <libsource lib="74xx" part="74LS00" description="quad 2-input NAND gate"/>
      <sheetpath names="/" tstamps="/"/>
      <tstamp>5B437CE9</tstamp>
    </comp>
    <comp ref="C15">
      <value>100u/16v</value>
      <footprint>Capacitor_SMD:C_Elec_6.3x5.4</footprint>
      <datasheet>~</datasheet>
      <libsource lib="Device" part="CP" description="Polarized capacitor"/>
      <sheetpath names="/" tstamps="/"/>
      <tstamp>5B438161</tstamp>
    </comp>
    <comp ref="C16">
      <value>33p</value>
      <footprint>Capacitor_THT:C_Disc_D5.0mm_W2.5mm_P5.00mm</footprint>
      <datasheet>~</datasheet>
      <libsource lib="Device" part="C" description="Unpolarized capacitor"/>
      <sheetpath names="/" tstamps="/"/>
      <tstamp>5B4381F5</tstamp>
    </comp>
    <comp ref="Y1">
      <value>8.000Mhz</value>
      <footprint>Crystal:Crystal_HC18-U_Vertical</footprint>
      <datasheet>~</datasheet>
      <libsource lib="Device" part="Crystal" description="Two pin crystal"/>
      <sheetpath names="/" tstamps="/"/>
      <tstamp>5B4382A7</tstamp>
    </comp>
    <comp ref="R7">
      <value>2K2</value>
      <footprint>Resistor_THT:R_Axial_DIN0207_L6.3mm_D2.5mm_P7.62mm_Horizontal</footprint>
      <datasheet>~</datasheet>
      <libsource lib="Device" part="R" description="Resistor"/>
      <sheetpath names="/" tstamps="/"/>
      <tstamp>5B4383AF</tstamp>
    </comp>
    <comp ref="R8">
      <value>2K2</value>
      <footprint>Resistor_THT:R_Axial_DIN0207_L6.3mm_D2.5mm_P7.62mm_Horizontal</footprint>
      <datasheet>~</datasheet>
      <libsource lib="Device" part="R" description="Resistor"/>
      <sheetpath names="/" tstamps="/"/>
      <tstamp>5B438442</tstamp>
    </comp>
    <comp ref="IC6">
      <value>74LS126</value>
      <footprint>Package_DIP:DIP-14_W7.62mm_Socket_LongPads</footprint>
      <libsource lib="PlusD_Clone_1_3-rescue" part="74LS126-74xx" description=""/>
      <sheetpath names="/" tstamps="/"/>
      <tstamp>5B562568</tstamp>
    </comp>
    <comp ref="C2">
      <value>100n</value>
      <footprint>Capacitor_THT:C_Disc_D5.0mm_W2.5mm_P5.00mm</footprint>
      <datasheet>~</datasheet>
      <libsource lib="Device" part="C" description="Unpolarized capacitor"/>
      <sheetpath names="/" tstamps="/"/>
      <tstamp>5B6052E0</tstamp>
    </comp>
    <comp ref="C11">
      <value>100n</value>
      <footprint>Capacitor_THT:C_Disc_D5.0mm_W2.5mm_P5.00mm</footprint>
      <datasheet>~</datasheet>
      <libsource lib="Device" part="C" description="Unpolarized capacitor"/>
      <sheetpath names="/" tstamps="/"/>
      <tstamp>5B6055CB</tstamp>
    </comp>
    <comp ref="C10">
      <value>100n</value>
      <footprint>Capacitor_THT:C_Disc_D5.0mm_W2.5mm_P5.00mm</footprint>
      <datasheet>~</datasheet>
      <libsource lib="Device" part="C" description="Unpolarized capacitor"/>
      <sheetpath names="/" tstamps="/"/>
      <tstamp>5B605619</tstamp>
    </comp>
    <comp ref="C9">
      <value>100n</value>
      <footprint>Capacitor_THT:C_Disc_D5.0mm_W2.5mm_P5.00mm</footprint>
      <datasheet>~</datasheet>
      <libsource lib="Device" part="C" description="Unpolarized capacitor"/>
      <sheetpath names="/" tstamps="/"/>
      <tstamp>5B60566F</tstamp>
    </comp>
    <comp ref="C8">
      <value>100n</value>
      <footprint>Capacitor_THT:C_Disc_D5.0mm_W2.5mm_P5.00mm</footprint>
      <datasheet>~</datasheet>
      <libsource lib="Device" part="C" description="Unpolarized capacitor"/>
      <sheetpath names="/" tstamps="/"/>
      <tstamp>5B6056C1</tstamp>
    </comp>
    <comp ref="C7">
      <value>100n</value>
      <footprint>Capacitor_THT:C_Disc_D5.0mm_W2.5mm_P5.00mm</footprint>
      <datasheet>~</datasheet>
      <libsource lib="Device" part="C" description="Unpolarized capacitor"/>
      <sheetpath names="/" tstamps="/"/>
      <tstamp>5BABC0F8</tstamp>
    </comp>
    <comp ref="C1">
      <value>100n</value>
      <footprint>Capacitor_THT:C_Disc_D5.0mm_W2.5mm_P5.00mm</footprint>
      <datasheet>~</datasheet>
      <libsource lib="Device" part="C" description="Unpolarized capacitor"/>
      <sheetpath names="/" tstamps="/"/>
      <tstamp>5BABC162</tstamp>
    </comp>
    <comp ref="C12">
      <value>100u/16v</value>
      <footprint>Capacitor_SMD:C_Elec_6.3x5.4</footprint>
      <datasheet>~</datasheet>
      <libsource lib="Device" part="CP" description="Polarized capacitor"/>
      <sheetpath names="/" tstamps="/"/>
      <tstamp>5BB372FF</tstamp>
    </comp>
    <comp ref="C6">
      <value>100n</value>
      <footprint>Capacitor_THT:C_Disc_D5.0mm_W2.5mm_P5.00mm</footprint>
      <datasheet>~</datasheet>
      <libsource lib="Device" part="C" description="Unpolarized capacitor"/>
      <sheetpath names="/" tstamps="/"/>
      <tstamp>5B20CCFC</tstamp>
    </comp>
    <comp ref="R5">
      <value>2K2</value>
      <footprint>Resistor_THT:R_Axial_DIN0207_L6.3mm_D2.5mm_P7.62mm_Horizontal</footprint>
      <datasheet>~</datasheet>
      <libsource lib="Device" part="R" description="Resistor"/>
      <sheetpath names="/" tstamps="/"/>
      <tstamp>5B5C13B9</tstamp>
    </comp>
    <comp ref="D5">
      <value>LD_PWR</value>
      <footprint>LEDs:LED_D5.0mm</footprint>
      <datasheet>~</datasheet>
      <libsource lib="Device" part="LED" description="Light emitting diode"/>
      <sheetpath names="/" tstamps="/"/>
      <tstamp>5BA7D1F1</tstamp>
    </comp>
    <comp ref="R10">
      <value>680</value>
      <footprint>Resistor_THT:R_Axial_DIN0207_L6.3mm_D2.5mm_P7.62mm_Horizontal</footprint>
      <datasheet>~</datasheet>
      <libsource lib="Device" part="R" description="Resistor"/>
      <sheetpath names="/" tstamps="/"/>
      <tstamp>5BA7DCB5</tstamp>
    </comp>
    <comp ref="D2">
      <value>1N4148</value>
      <footprint>Diodes_THT:D_DO-35_SOD27_P7.62mm_Horizontal</footprint>
      <datasheet>http://www.nxp.com/documents/data_sheet/1N4148_1N4448.pdf</datasheet>
      <libsource lib="Diode" part="1N4148" description="100V 0.15A standard switching diode, DO-35"/>
      <sheetpath names="/" tstamps="/"/>
      <tstamp>5BBAC501</tstamp>
    </comp>
    <comp ref="D3">
      <value>1N4148</value>
      <footprint>Diodes_THT:D_DO-35_SOD27_P7.62mm_Horizontal</footprint>
      <datasheet>http://www.nxp.com/documents/data_sheet/1N4148_1N4448.pdf</datasheet>
      <libsource lib="Diode" part="1N4148" description="100V 0.15A standard switching diode, DO-35"/>
      <sheetpath names="/" tstamps="/"/>
      <tstamp>5BBAC68C</tstamp>
    </comp>
    <comp ref="D4">
      <value>1N4148</value>
      <footprint>Diodes_THT:D_DO-35_SOD27_P7.62mm_Horizontal</footprint>
      <datasheet>http://www.nxp.com/documents/data_sheet/1N4148_1N4448.pdf</datasheet>
      <libsource lib="Diode" part="1N4148" description="100V 0.15A standard switching diode, DO-35"/>
      <sheetpath names="/" tstamps="/"/>
      <tstamp>5BBAC9D8</tstamp>
    </comp>
    <comp ref="C14">
      <value>100n</value>
      <footprint>Capacitors_THT:C_Disc_D5.0mm_W2.5mm_P5.00mm</footprint>
      <datasheet>~</datasheet>
      <libsource lib="Device" part="C" description="Unpolarized capacitor"/>
      <sheetpath names="/" tstamps="/"/>
      <tstamp>5BF52D37</tstamp>
    </comp>
    <comp ref="C5">
      <value>100n</value>
      <footprint>Capacitor_THT:C_Disc_D5.0mm_W2.5mm_P5.00mm</footprint>
      <datasheet>~</datasheet>
      <libsource lib="Device" part="C" description="Unpolarized capacitor"/>
      <sheetpath names="/" tstamps="/"/>
      <tstamp>5C02C88A</tstamp>
    </comp>
    <comp ref="C4">
      <value>100n</value>
      <footprint>Capacitor_THT:C_Disc_D5.0mm_W2.5mm_P5.00mm</footprint>
      <datasheet>~</datasheet>
      <libsource lib="Device" part="C" description="Unpolarized capacitor"/>
      <sheetpath names="/" tstamps="/"/>
      <tstamp>5C02C91E</tstamp>
    </comp>
    <comp ref="C13">
      <value>100p</value>
      <footprint>Capacitors_THT:C_Disc_D5.0mm_W2.5mm_P5.00mm</footprint>
      <datasheet>~</datasheet>
      <libsource lib="Device" part="C" description="Unpolarized capacitor"/>
      <sheetpath names="/" tstamps="/"/>
      <tstamp>5C0B41C0</tstamp>
    </comp>
    <comp ref="R9">
      <value>270</value>
      <footprint>Resistor_THT:R_Axial_DIN0207_L6.3mm_D2.5mm_P7.62mm_Horizontal</footprint>
      <datasheet>~</datasheet>
      <libsource lib="Device" part="R" description="Resistor"/>
      <sheetpath names="/" tstamps="/"/>
      <tstamp>5C0B42C8</tstamp>
    </comp>
    <comp ref="IC10">
      <value>74LS27</value>
      <footprint>Package_DIP:DIP-14_W7.62mm_Socket_LongPads</footprint>
      <libsource lib="74xx" part="74LS27" description="Triple 3-input NOR"/>
      <sheetpath names="/" tstamps="/"/>
      <tstamp>5C10F84E</tstamp>
    </comp>
    <comp ref="SW3">
      <value>ROMSEL_JOY</value>
      <footprint>Button_Switch_THT:SW_DIP_SPSTx03_Piano_10.8x9.18mm_W7.62mm_P2.54mm</footprint>
      <libsource lib="Switch" part="SW_DIP_x03" description="3x DIP Switch, Single Pole Single Throw (SPST) switch, small symbol"/>
      <sheetpath names="/" tstamps="/"/>
      <tstamp>5B3DB0D1</tstamp>
    </comp>
    <comp ref="R12">
      <value>10K</value>
      <footprint>Resistor_THT:R_Axial_DIN0207_L6.3mm_D2.5mm_P7.62mm_Horizontal</footprint>
      <datasheet>~</datasheet>
      <libsource lib="Device" part="R" description="Resistor"/>
      <sheetpath names="/" tstamps="/"/>
      <tstamp>5B546E94</tstamp>
    </comp>
    <comp ref="J4">
      <value>KEMPSTON</value>
      <footprint>Connector_Dsub:DSUB-9_Male_Horizontal_P2.77x2.84mm_EdgePinOffset4.94mm_Housed_MountingHolesOffset7.48mm</footprint>
      <libsource lib="Connector" part="DB9_Male" description="9-pin male D-SUB connector"/>
      <sheetpath names="/" tstamps="/"/>
      <tstamp>5B860C77</tstamp>
    </comp>
    <comp ref="C3">
      <value>100n</value>
      <footprint>Capacitor_THT:C_Disc_D5.0mm_W2.5mm_P5.00mm</footprint>
      <datasheet>~</datasheet>
      <libsource lib="Device" part="C" description="Unpolarized capacitor"/>
      <sheetpath names="/" tstamps="/"/>
      <tstamp>5C439DAA</tstamp>
    </comp>
    <comp ref="J3">
      <value>PARALLEL_CONNECTOR</value>
      <footprint>Connector_PinHeader_2.54mm:PinHeader_2x13_P2.54mm_Vertical</footprint>
      <datasheet>~</datasheet>
      <libsource lib="Connector_Generic" part="Conn_02x13_Odd_Even" description="Generic connector, double row, 02x13, odd/even pin numbering scheme (row 1 odd numbers, row 2 even numbers), script generated (kicad-library-utils/schlib/autogen/connector/)"/>
      <sheetpath names="/" tstamps="/"/>
      <tstamp>5B373ABD</tstamp>
    </comp>
    <comp ref="D1">
      <value>LD_ACT</value>
      <footprint>LEDs:LED_D5.0mm</footprint>
      <datasheet>~</datasheet>
      <libsource lib="Device" part="LED" description="Light emitting diode"/>
      <sheetpath names="/" tstamps="/"/>
      <tstamp>5BFA77B5</tstamp>
    </comp>
    <comp ref="R6">
      <value>680</value>
      <footprint>Resistor_THT:R_Axial_DIN0207_L6.3mm_D2.5mm_P7.62mm_Horizontal</footprint>
      <datasheet>~</datasheet>
      <libsource lib="Device" part="R" description="Resistor"/>
      <sheetpath names="/" tstamps="/"/>
      <tstamp>5BFA77BC</tstamp>
    </comp>
    <comp ref="JP4">
      <value>Conn_01x04</value>
      <footprint>Connector_PinHeader_2.54mm:PinHeader_1x04_P2.54mm_Horizontal</footprint>
      <libsource lib="Connector_Generic" part="Conn_01x04" description="Generic connector, single row, 01x04, script generated (kicad-library-utils/schlib/autogen/connector/)"/>
      <sheetpath names="/" tstamps="/"/>
      <tstamp>5EED4274</tstamp>
    </comp>
    <comp ref="J1">
      <value>ZX_CONNECTOR_GENERIC_SORTED</value>
      <footprint>ZX_Spectrum:ZX_CONNECTOR_GENERIC_SORTED</footprint>
      <libsource lib="ZX_Spectrum" part="ZX_CONNECTOR_GENERIC_SORTED" description=""/>
      <sheetpath names="/" tstamps="/"/>
      <tstamp>5EEDD256</tstamp>
    </comp>
    <comp ref="IC1">
      <value>WD1772</value>
      <footprint>Package_DIP:DIP-28_W15.24mm_Socket_LongPads</footprint>
      <libsource lib="ZX_Spectrum" part="WD1772" description=""/>
      <sheetpath names="/" tstamps="/"/>
      <tstamp>5F9C4434</tstamp>
    </comp>
    <comp ref="R1">
      <value>470R</value>
      <footprint>Resistor_THT:R_Axial_DIN0207_L6.3mm_D2.5mm_P7.62mm_Horizontal</footprint>
      <datasheet>~</datasheet>
      <libsource lib="Device" part="R" description="Resistor"/>
      <sheetpath names="/" tstamps="/"/>
      <tstamp>601C7389</tstamp>
    </comp>
    <comp ref="R2">
      <value>470R</value>
      <footprint>Resistor_THT:R_Axial_DIN0207_L6.3mm_D2.5mm_P7.62mm_Horizontal</footprint>
      <datasheet>~</datasheet>
      <libsource lib="Device" part="R" description="Resistor"/>
      <sheetpath names="/" tstamps="/"/>
      <tstamp>601C8713</tstamp>
    </comp>
    <comp ref="R3">
      <value>470R</value>
      <footprint>Resistor_THT:R_Axial_DIN0207_L6.3mm_D2.5mm_P7.62mm_Horizontal</footprint>
      <datasheet>~</datasheet>
      <libsource lib="Device" part="R" description="Resistor"/>
      <sheetpath names="/" tstamps="/"/>
      <tstamp>601C9B01</tstamp>
    </comp>
    <comp ref="R4">
      <value>470R</value>
      <footprint>Resistor_THT:R_Axial_DIN0207_L6.3mm_D2.5mm_P7.62mm_Horizontal</footprint>
      <datasheet>~</datasheet>
      <libsource lib="Device" part="R" description="Resistor"/>
      <sheetpath names="/" tstamps="/"/>
      <tstamp>601CACBE</tstamp>
    </comp>
    <comp ref="IC4">
      <value>GAL20V8B</value>
      <footprint>Package_DIP:DIP-24_W7.62mm_Socket_LongPads</footprint>
      <libsource lib="ZX_Spectrum" part="PAL20L8" description=""/>
      <sheetpath names="/" tstamps="/"/>
      <tstamp>60684FE5</tstamp>
    </comp>
    <comp ref="IC3">
      <value>6264</value>
      <footprint>Package_DIP:DIP-28_W15.24mm_Socket_LongPads</footprint>
      <libsource lib="ZX_Spectrum" part="6264" description=""/>
      <sheetpath names="/" tstamps="/"/>
      <tstamp>60991D62</tstamp>
    </comp>
    <comp ref="IC8">
      <value>74LS175</value>
      <footprint>Package_DIP:DIP-16_W7.62mm_Socket_LongPads</footprint>
      <libsource lib="ZX_Spectrum" part="74LS175" description=""/>
      <sheetpath names="/" tstamps="/"/>
      <tstamp>60B20C61</tstamp>
    </comp>
    <comp ref="IC7">
      <value>74LS374</value>
      <footprint>Package_DIP:DIP-20_W7.62mm_Socket_LongPads</footprint>
      <libsource lib="ZX_Spectrum" part="74LS374" description=""/>
      <sheetpath names="/" tstamps="/"/>
      <tstamp>6103FBDF</tstamp>
    </comp>
    <comp ref="SW2">
      <value>NMI</value>
      <footprint>Button_Switch_THT:SW_PUSH_6mm</footprint>
      <datasheet>~</datasheet>
      <libsource lib="Switch" part="SW_SPST" description="Single Pole Single Throw (SPST) switch"/>
      <sheetpath names="/" tstamps="/"/>
      <tstamp>62E55256</tstamp>
    </comp>
    <comp ref="SW1">
      <value>RESET</value>
      <footprint>Button_Switch_THT:SW_PUSH_6mm</footprint>
      <datasheet>~</datasheet>
      <libsource lib="Switch" part="SW_SPST" description="Single Pole Single Throw (SPST) switch"/>
      <sheetpath names="/" tstamps="/"/>
      <tstamp>62EE1C5E</tstamp>
    </comp>
    <comp ref="IC11">
      <value>GAL22V10</value>
      <footprint>Package_DIP:DIP-24_W7.62mm_Socket_LongPads</footprint>
      <libsource lib="ZX_Spectrum" part="GAL22V10" description=""/>
      <sheetpath names="/" tstamps="/"/>
      <tstamp>63379FFA</tstamp>
    </comp>
    <comp ref="JP6">
      <value>WDSEL</value>
      <footprint>Jumper:SolderJumper-3_P1.3mm_Open_RoundedPad1.0x1.5mm</footprint>
      <datasheet>~</datasheet>
      <libsource lib="Jumper" part="Jumper_3_Open" description="Jumper, 3-pole, both open"/>
      <sheetpath names="/" tstamps="/"/>
      <tstamp>5F0AF92E</tstamp>
    </comp>
    <comp ref="JP7">
      <value>RDSYSEL</value>
      <footprint>Jumper:SolderJumper-3_P1.3mm_Open_RoundedPad1.0x1.5mm</footprint>
      <datasheet>~</datasheet>
      <libsource lib="Jumper" part="Jumper_3_Open" description="Jumper, 3-pole, both open"/>
      <sheetpath names="/" tstamps="/"/>
      <tstamp>5F144B8D</tstamp>
    </comp>
    <comp ref="SW4">
      <value>ZX_SEL</value>
      <footprint>Button_Switch_THT:SW_CuK_OS102011MA1QN1_SPDT_Angled</footprint>
      <datasheet>~</datasheet>
      <libsource lib="Switch" part="SW_SPDT" description="Switch, single pole double throw"/>
      <sheetpath names="/" tstamps="/"/>
      <tstamp>5EEF723E</tstamp>
    </comp>
    <comp ref="R11">
      <value>10K</value>
      <footprint>Resistor_THT:R_Axial_DIN0207_L6.3mm_D2.5mm_P7.62mm_Horizontal</footprint>
      <datasheet>~</datasheet>
      <libsource lib="Device" part="R" description="Resistor"/>
      <sheetpath names="/" tstamps="/"/>
      <tstamp>639F6631</tstamp>
    </comp>
    <comp ref="IC2">
      <value>W27E257</value>
      <footprint>Package_DIP:DIP-28_W15.24mm_Socket_LongPads</footprint>
      <libsource lib="ZX_Spectrum" part="W27E257" description=""/>
      <sheetpath names="/" tstamps="/"/>
      <tstamp>65C10C9E</tstamp>
    </comp>
    <comp ref="SW5">
      <value>ABBA</value>
      <footprint>Button_Switch_THT:SW_CuK_JS202011AQN_DPDT_Angled</footprint>
      <libsource lib="Switch" part="SW_DPDT_x2" description="Switch, dual pole double throw, separate symbols"/>
      <sheetpath names="/" tstamps="/"/>
      <tstamp>6613674E</tstamp>
    </comp>
  </components>
  <libparts>
    <libpart lib="74xx" part="74LS00">
      <aliases>
        <alias>74LS37</alias>
        <alias>7400</alias>
        <alias>74HCT00</alias>
        <alias>74HC00</alias>
      </aliases>
      <description>quad 2-input NAND gate</description>
      <docs>http://www.ti.com/lit/gpn/sn74ls00</docs>
      <footprints>
        <fp>DIP*W7.62mm*</fp>
        <fp>SO14*</fp>
      </footprints>
      <fields>
        <field name="Reference">U</field>
        <field name="Value">74LS00</field>
      </fields>
      <pins>
        <pin num="1" name="~" type="input"/>
        <pin num="2" name="~" type="input"/>
        <pin num="3" name="~" type="output"/>
        <pin num="4" name="~" type="input"/>
        <pin num="5" name="~" type="input"/>
        <pin num="6" name="~" type="output"/>
        <pin num="7" name="GND" type="power_in"/>
        <pin num="8" name="~" type="output"/>
        <pin num="9" name="~" type="input"/>
        <pin num="10" name="~" type="input"/>
        <pin num="11" name="~" type="output"/>
        <pin num="12" name="~" type="input"/>
        <pin num="13" name="~" type="input"/>
        <pin num="14" name="VCC" type="power_in"/>
      </pins>
    </libpart>
    <libpart lib="74xx" part="74LS05">
      <aliases>
        <alias>74LS06</alias>
        <alias>74LS06N</alias>
      </aliases>
      <description>Inverter Open Collect</description>
      <docs>http://www.ti.com/lit/gpn/sn74LS05</docs>
      <footprints>
        <fp>DIP*W7.62mm*</fp>
      </footprints>
      <fields>
        <field name="Reference">U</field>
        <field name="Value">74LS05</field>
      </fields>
      <pins>
        <pin num="1" name="~" type="input"/>
        <pin num="2" name="~" type="openCol"/>
        <pin num="3" name="~" type="input"/>
        <pin num="4" name="~" type="openCol"/>
        <pin num="5" name="~" type="input"/>
        <pin num="6" name="~" type="openCol"/>
        <pin num="7" name="GND" type="power_in"/>
        <pin num="8" name="~" type="openCol"/>
        <pin num="9" name="~" type="input"/>
        <pin num="10" name="~" type="openCol"/>
        <pin num="11" name="~" type="input"/>
        <pin num="12" name="~" type="openCol"/>
        <pin num="13" name="~" type="input"/>
        <pin num="14" name="VCC" type="power_in"/>
      </pins>
    </libpart>
    <libpart lib="74xx" part="74LS27">
      <description>Triple 3-input NOR</description>
      <docs>http://www.ti.com/lit/gpn/sn74LS27</docs>
      <footprints>
        <fp>DIP*W7.62mm*</fp>
      </footprints>
      <fields>
        <field name="Reference">U</field>
        <field name="Value">74LS27</field>
      </fields>
      <pins>
        <pin num="1" name="~" type="input"/>
        <pin num="2" name="~" type="input"/>
        <pin num="3" name="~" type="input"/>
        <pin num="4" name="~" type="input"/>
        <pin num="5" name="~" type="input"/>
        <pin num="6" name="~" type="output"/>
        <pin num="7" name="GND" type="power_in"/>
        <pin num="8" name="~" type="output"/>
        <pin num="9" name="~" type="input"/>
        <pin num="10" name="~" type="input"/>
        <pin num="11" name="~" type="input"/>
        <pin num="12" name="~" type="output"/>
        <pin num="13" name="~" type="input"/>
        <pin num="14" name="VCC" type="power_in"/>
      </pins>
    </libpart>
    <libpart lib="Connector" part="DB9_Male">
      <description>9-pin male D-SUB connector</description>
      <docs> ~</docs>
      <footprints>
        <fp>DSUB*Male*</fp>
      </footprints>
      <fields>
        <field name="Reference">J</field>
        <field name="Value">DB9_Male</field>
      </fields>
      <pins>
        <pin num="1" name="1" type="passive"/>
        <pin num="2" name="2" type="passive"/>
        <pin num="3" name="3" type="passive"/>
        <pin num="4" name="4" type="passive"/>
        <pin num="5" name="5" type="passive"/>
        <pin num="6" name="6" type="passive"/>
        <pin num="7" name="7" type="passive"/>
        <pin num="8" name="8" type="passive"/>
        <pin num="9" name="9" type="passive"/>
      </pins>
    </libpart>
    <libpart lib="Connector_Generic" part="Conn_01x04">
      <description>Generic connector, single row, 01x04, script generated (kicad-library-utils/schlib/autogen/connector/)</description>
      <docs>~</docs>
      <footprints>
        <fp>Connector*:*_1x??_*</fp>
      </footprints>
      <fields>
        <field name="Reference">J</field>
        <field name="Value">Conn_01x04</field>
      </fields>
      <pins>
        <pin num="1" name="Pin_1" type="passive"/>
        <pin num="2" name="Pin_2" type="passive"/>
        <pin num="3" name="Pin_3" type="passive"/>
        <pin num="4" name="Pin_4" type="passive"/>
      </pins>
    </libpart>
    <libpart lib="Connector_Generic" part="Conn_02x13_Odd_Even">
      <description>Generic connector, double row, 02x13, odd/even pin numbering scheme (row 1 odd numbers, row 2 even numbers), script generated (kicad-library-utils/schlib/autogen/connector/)</description>
      <docs>~</docs>
      <footprints>
        <fp>Connector*:*_2x??_*</fp>
      </footprints>
      <fields>
        <field name="Reference">J</field>
        <field name="Value">Conn_02x13_Odd_Even</field>
      </fields>
      <pins>
        <pin num="1" name="Pin_1" type="passive"/>
        <pin num="2" name="Pin_2" type="passive"/>
        <pin num="3" name="Pin_3" type="passive"/>
        <pin num="4" name="Pin_4" type="passive"/>
        <pin num="5" name="Pin_5" type="passive"/>
        <pin num="6" name="Pin_6" type="passive"/>
        <pin num="7" name="Pin_7" type="passive"/>
        <pin num="8" name="Pin_8" type="passive"/>
        <pin num="9" name="Pin_9" type="passive"/>
        <pin num="10" name="Pin_10" type="passive"/>
        <pin num="11" name="Pin_11" type="passive"/>
        <pin num="12" name="Pin_12" type="passive"/>
        <pin num="13" name="Pin_13" type="passive"/>
        <pin num="14" name="Pin_14" type="passive"/>
        <pin num="15" name="Pin_15" type="passive"/>
        <pin num="16" name="Pin_16" type="passive"/>
        <pin num="17" name="Pin_17" type="passive"/>
        <pin num="18" name="Pin_18" type="passive"/>
        <pin num="19" name="Pin_19" type="passive"/>
        <pin num="20" name="Pin_20" type="passive"/>
        <pin num="21" name="Pin_21" type="passive"/>
        <pin num="22" name="Pin_22" type="passive"/>
        <pin num="23" name="Pin_23" type="passive"/>
        <pin num="24" name="Pin_24" type="passive"/>
        <pin num="25" name="Pin_25" type="passive"/>
        <pin num="26" name="Pin_26" type="passive"/>
      </pins>
    </libpart>
    <libpart lib="Connector_Generic" part="Conn_02x17_Odd_Even">
      <description>Generic connector, double row, 02x17, odd/even pin numbering scheme (row 1 odd numbers, row 2 even numbers), script generated (kicad-library-utils/schlib/autogen/connector/)</description>
      <docs>~</docs>
      <footprints>
        <fp>Connector*:*_2x??_*</fp>
      </footprints>
      <fields>
        <field name="Reference">J</field>
        <field name="Value">Conn_02x17_Odd_Even</field>
      </fields>
      <pins>
        <pin num="1" name="Pin_1" type="passive"/>
        <pin num="2" name="Pin_2" type="passive"/>
        <pin num="3" name="Pin_3" type="passive"/>
        <pin num="4" name="Pin_4" type="passive"/>
        <pin num="5" name="Pin_5" type="passive"/>
        <pin num="6" name="Pin_6" type="passive"/>
        <pin num="7" name="Pin_7" type="passive"/>
        <pin num="8" name="Pin_8" type="passive"/>
        <pin num="9" name="Pin_9" type="passive"/>
        <pin num="10" name="Pin_10" type="passive"/>
        <pin num="11" name="Pin_11" type="passive"/>
        <pin num="12" name="Pin_12" type="passive"/>
        <pin num="13" name="Pin_13" type="passive"/>
        <pin num="14" name="Pin_14" type="passive"/>
        <pin num="15" name="Pin_15" type="passive"/>
        <pin num="16" name="Pin_16" type="passive"/>
        <pin num="17" name="Pin_17" type="passive"/>
        <pin num="18" name="Pin_18" type="passive"/>
        <pin num="19" name="Pin_19" type="passive"/>
        <pin num="20" name="Pin_20" type="passive"/>
        <pin num="21" name="Pin_21" type="passive"/>
        <pin num="22" name="Pin_22" type="passive"/>
        <pin num="23" name="Pin_23" type="passive"/>
        <pin num="24" name="Pin_24" type="passive"/>
        <pin num="25" name="Pin_25" type="passive"/>
        <pin num="26" name="Pin_26" type="passive"/>
        <pin num="27" name="Pin_27" type="passive"/>
        <pin num="28" name="Pin_28" type="passive"/>
        <pin num="29" name="Pin_29" type="passive"/>
        <pin num="30" name="Pin_30" type="passive"/>
        <pin num="31" name="Pin_31" type="passive"/>
        <pin num="32" name="Pin_32" type="passive"/>
        <pin num="33" name="Pin_33" type="passive"/>
        <pin num="34" name="Pin_34" type="passive"/>
      </pins>
    </libpart>
    <libpart lib="Device" part="C">
      <description>Unpolarized capacitor</description>
      <docs>~</docs>
      <footprints>
        <fp>C_*</fp>
      </footprints>
      <fields>
        <field name="Reference">C</field>
        <field name="Value">C</field>
      </fields>
      <pins>
        <pin num="1" name="~" type="passive"/>
        <pin num="2" name="~" type="passive"/>
      </pins>
    </libpart>
    <libpart lib="Device" part="CP">
      <description>Polarized capacitor</description>
      <docs>~</docs>
      <footprints>
        <fp>CP_*</fp>
      </footprints>
      <fields>
        <field name="Reference">C</field>
        <field name="Value">CP</field>
      </fields>
      <pins>
        <pin num="1" name="~" type="passive"/>
        <pin num="2" name="~" type="passive"/>
      </pins>
    </libpart>
    <libpart lib="Device" part="Crystal">
      <description>Two pin crystal</description>
      <docs>~</docs>
      <footprints>
        <fp>Crystal*</fp>
      </footprints>
      <fields>
        <field name="Reference">Y</field>
        <field name="Value">Crystal</field>
      </fields>
      <pins>
        <pin num="1" name="1" type="passive"/>
        <pin num="2" name="2" type="passive"/>
      </pins>
    </libpart>
    <libpart lib="Device" part="LED">
      <description>Light emitting diode</description>
      <docs>~</docs>
      <footprints>
        <fp>LED*</fp>
        <fp>LED_SMD:*</fp>
        <fp>LED_THT:*</fp>
      </footprints>
      <fields>
        <field name="Reference">D</field>
        <field name="Value">LED</field>
      </fields>
      <pins>
        <pin num="1" name="K" type="passive"/>
        <pin num="2" name="A" type="passive"/>
      </pins>
    </libpart>
    <libpart lib="Device" part="R">
      <description>Resistor</description>
      <docs>~</docs>
      <footprints>
        <fp>R_*</fp>
      </footprints>
      <fields>
        <field name="Reference">R</field>
        <field name="Value">R</field>
      </fields>
      <pins>
        <pin num="1" name="~" type="passive"/>
        <pin num="2" name="~" type="passive"/>
      </pins>
    </libpart>
    <libpart lib="Diode" part="1N4148">
      <aliases>
        <alias>1N4448</alias>
        <alias>1N4149</alias>
        <alias>1N4151</alias>
        <alias>1N914</alias>
        <alias>BA243</alias>
        <alias>BA244</alias>
        <alias>BA282</alias>
        <alias>BA283</alias>
        <alias>BAV17</alias>
        <alias>BAV18</alias>
        <alias>BAV19</alias>
        <alias>BAV20</alias>
        <alias>BAV21</alias>
        <alias>BAW75</alias>
        <alias>BAW76</alias>
        <alias>BAY93</alias>
      </aliases>
      <description>100V 0.15A standard switching diode, DO-35</description>
      <docs>https://assets.nexperia.com/documents/data-sheet/1N4148_1N4448.pdf</docs>
      <footprints>
        <fp>D*DO?35*</fp>
      </footprints>
      <fields>
        <field name="Reference">D</field>
        <field name="Value">1N4148</field>
        <field name="Footprint">Diode_THT:D_DO-35_SOD27_P7.62mm_Horizontal</field>
      </fields>
      <pins>
        <pin num="1" name="K" type="passive"/>
        <pin num="2" name="A" type="passive"/>
      </pins>
    </libpart>
    <libpart lib="Jumper" part="Jumper_3_Open">
      <description>Jumper, 3-pole, both open</description>
      <docs>~</docs>
      <footprints>
        <fp>Jumper*</fp>
        <fp>TestPoint*3Pads*</fp>
        <fp>TestPoint*Bridge*</fp>
      </footprints>
      <fields>
        <field name="Reference">JP</field>
        <field name="Value">Jumper_3_Open</field>
      </fields>
      <pins>
        <pin num="1" name="A" type="passive"/>
        <pin num="2" name="C" type="input"/>
        <pin num="3" name="B" type="passive"/>
      </pins>
    </libpart>
    <libpart lib="PlusD_Clone_1_3-rescue" part="74LS126-74xx">
      <footprints>
        <fp>DIP*W7.62mm*</fp>
      </footprints>
      <fields>
        <field name="Reference">U</field>
        <field name="Value">74LS126-74xx</field>
      </fields>
      <pins>
        <pin num="1" name="~" type="input"/>
        <pin num="2" name="~" type="input"/>
        <pin num="3" name="~" type="3state"/>
        <pin num="4" name="~" type="input"/>
        <pin num="5" name="~" type="input"/>
        <pin num="6" name="~" type="3state"/>
        <pin num="7" name="GND" type="passive"/>
        <pin num="8" name="~" type="3state"/>
        <pin num="9" name="~" type="input"/>
        <pin num="10" name="~" type="input"/>
        <pin num="11" name="~" type="3state"/>
        <pin num="12" name="~" type="input"/>
        <pin num="13" name="~" type="input"/>
        <pin num="14" name="VCC" type="power_in"/>
      </pins>
    </libpart>
    <libpart lib="Switch" part="SW_DIP_x03">
      <description>3x DIP Switch, Single Pole Single Throw (SPST) switch, small symbol</description>
      <docs>~</docs>
      <footprints>
        <fp>SW?DIP?x3*</fp>
      </footprints>
      <fields>
        <field name="Reference">SW</field>
        <field name="Value">SW_DIP_x03</field>
      </fields>
      <pins>
        <pin num="1" name="~" type="passive"/>
        <pin num="2" name="~" type="passive"/>
        <pin num="3" name="~" type="passive"/>
        <pin num="4" name="~" type="passive"/>
        <pin num="5" name="~" type="passive"/>
        <pin num="6" name="~" type="passive"/>
      </pins>
    </libpart>
    <libpart lib="Switch" part="SW_DPDT_x2">
      <description>Switch, dual pole double throw, separate symbols</description>
      <docs>~</docs>
      <footprints>
        <fp>SW*DPDT*</fp>
      </footprints>
      <fields>
        <field name="Reference">SW</field>
        <field name="Value">SW_DPDT_x2</field>
      </fields>
      <pins>
        <pin num="1" name="A" type="passive"/>
        <pin num="2" name="B" type="passive"/>
        <pin num="3" name="C" type="passive"/>
        <pin num="4" name="A" type="passive"/>
        <pin num="5" name="B" type="passive"/>
        <pin num="6" name="C" type="passive"/>
      </pins>
    </libpart>
    <libpart lib="Switch" part="SW_SPDT">
      <description>Switch, single pole double throw</description>
      <docs>~</docs>
      <fields>
        <field name="Reference">SW</field>
        <field name="Value">SW_SPDT</field>
      </fields>
      <pins>
        <pin num="1" name="A" type="passive"/>
        <pin num="2" name="B" type="passive"/>
        <pin num="3" name="C" type="passive"/>
      </pins>
    </libpart>
    <libpart lib="Switch" part="SW_SPST">
      <description>Single Pole Single Throw (SPST) switch</description>
      <docs>~</docs>
      <fields>
        <field name="Reference">SW</field>
        <field name="Value">SW_SPST</field>
      </fields>
      <pins>
        <pin num="1" name="A" type="passive"/>
        <pin num="2" name="B" type="passive"/>
      </pins>
    </libpart>
    <libpart lib="ZX_Spectrum" part="6264">
      <fields>
        <field name="Reference">U</field>
        <field name="Value">6264</field>
        <field name="Footprint">Package_DIP:DIP-28_W15.24mm_Socket_LongPads</field>
      </fields>
      <pins>
        <pin num="1" name="N/C" type="passive"/>
        <pin num="2" name="A12" type="input"/>
        <pin num="3" name="A7" type="input"/>
        <pin num="4" name="A6" type="input"/>
        <pin num="5" name="A5" type="input"/>
        <pin num="6" name="A4" type="input"/>
        <pin num="7" name="A3" type="input"/>
        <pin num="8" name="A2" type="input"/>
        <pin num="9" name="A1" type="input"/>
        <pin num="10" name="A0" type="input"/>
        <pin num="11" name="D0" type="3state"/>
        <pin num="12" name="D1" type="3state"/>
        <pin num="13" name="D2" type="3state"/>
        <pin num="14" name="GND" type="passive"/>
        <pin num="15" name="D3" type="3state"/>
        <pin num="16" name="D4" type="3state"/>
        <pin num="17" name="D5" type="3state"/>
        <pin num="18" name="D6" type="3state"/>
        <pin num="19" name="D7" type="3state"/>
        <pin num="20" name="~CE1" type="input"/>
        <pin num="21" name="A10" type="input"/>
        <pin num="22" name="~OE" type="input"/>
        <pin num="23" name="A11" type="input"/>
        <pin num="24" name="A9" type="input"/>
        <pin num="25" name="A8" type="input"/>
        <pin num="26" name="CE2" type="input"/>
        <pin num="27" name="~WR" type="input"/>
        <pin num="28" name="VCC" type="power_in"/>
      </pins>
    </libpart>
    <libpart lib="ZX_Spectrum" part="74LS175">
      <fields>
        <field name="Reference">U</field>
        <field name="Value">74LS175</field>
      </fields>
      <pins>
        <pin num="1" name="~Mr" type="input"/>
        <pin num="2" name="Q0" type="output"/>
        <pin num="3" name="~Q0" type="output"/>
        <pin num="4" name="D0" type="input"/>
        <pin num="5" name="D1" type="input"/>
        <pin num="6" name="~Q1" type="output"/>
        <pin num="7" name="Q1" type="output"/>
        <pin num="8" name="GND" type="passive"/>
        <pin num="9" name="Cp" type="input"/>
        <pin num="10" name="Q2" type="output"/>
        <pin num="11" name="~Q2" type="output"/>
        <pin num="12" name="D2" type="input"/>
        <pin num="13" name="D3" type="input"/>
        <pin num="14" name="~Q3" type="output"/>
        <pin num="15" name="Q3" type="output"/>
        <pin num="16" name="VCC" type="power_in"/>
      </pins>
    </libpart>
    <libpart lib="ZX_Spectrum" part="74LS374">
      <fields>
        <field name="Reference">U</field>
        <field name="Value">74LS374</field>
      </fields>
      <pins>
        <pin num="1" name="OE" type="input"/>
        <pin num="2" name="O0" type="3state"/>
        <pin num="3" name="D0" type="input"/>
        <pin num="4" name="D1" type="input"/>
        <pin num="5" name="O1" type="3state"/>
        <pin num="6" name="O2" type="3state"/>
        <pin num="7" name="D2" type="input"/>
        <pin num="8" name="D3" type="input"/>
        <pin num="9" name="O3" type="3state"/>
        <pin num="10" name="GND" type="passive"/>
        <pin num="11" name="Cp" type="input"/>
        <pin num="12" name="O4" type="3state"/>
        <pin num="13" name="D4" type="input"/>
        <pin num="14" name="D5" type="input"/>
        <pin num="15" name="O5" type="3state"/>
        <pin num="16" name="O6" type="3state"/>
        <pin num="17" name="D6" type="input"/>
        <pin num="18" name="D7" type="input"/>
        <pin num="19" name="O7" type="3state"/>
        <pin num="20" name="VCC" type="power_in"/>
      </pins>
    </libpart>
    <libpart lib="ZX_Spectrum" part="GAL22V10">
      <fields>
        <field name="Reference">U</field>
        <field name="Value">GAL22V10</field>
      </fields>
      <pins>
        <pin num="1" name="I1/CLK" type="input"/>
        <pin num="2" name="I2" type="input"/>
        <pin num="3" name="I3" type="input"/>
        <pin num="4" name="I4/PD" type="input"/>
        <pin num="5" name="I5" type="input"/>
        <pin num="6" name="I6" type="input"/>
        <pin num="7" name="I7" type="input"/>
        <pin num="8" name="I8" type="input"/>
        <pin num="9" name="I9" type="input"/>
        <pin num="10" name="I10" type="input"/>
        <pin num="11" name="I11" type="input"/>
        <pin num="12" name="GND" type="passive"/>
        <pin num="13" name="I12" type="input"/>
        <pin num="14" name="IO10" type="3state"/>
        <pin num="15" name="IO9" type="3state"/>
        <pin num="16" name="IO8" type="3state"/>
        <pin num="17" name="IO7" type="3state"/>
        <pin num="18" name="IO6" type="3state"/>
        <pin num="19" name="IO5" type="3state"/>
        <pin num="20" name="I04" type="3state"/>
        <pin num="21" name="IO3" type="3state"/>
        <pin num="22" name="IO2" type="3state"/>
        <pin num="23" name="IO1" type="3state"/>
        <pin num="24" name="VCC" type="power_in"/>
      </pins>
    </libpart>
    <libpart lib="ZX_Spectrum" part="PAL20L8">
      <fields>
        <field name="Reference">U</field>
        <field name="Value">PAL20L8</field>
        <field name="Footprint">Package_DIP:DIP-24_W7.62mm_Socket_LongPads</field>
      </fields>
      <pins>
        <pin num="1" name="I1" type="input"/>
        <pin num="2" name="I2" type="input"/>
        <pin num="3" name="I3" type="input"/>
        <pin num="4" name="I4" type="input"/>
        <pin num="5" name="I5" type="input"/>
        <pin num="6" name="I6" type="input"/>
        <pin num="7" name="I7" type="input"/>
        <pin num="8" name="I8" type="input"/>
        <pin num="9" name="I9" type="input"/>
        <pin num="10" name="I10" type="input"/>
        <pin num="11" name="I11" type="input"/>
        <pin num="12" name="GND" type="passive"/>
        <pin num="13" name="I13" type="input"/>
        <pin num="14" name="I14" type="input"/>
        <pin num="15" name="IO15" type="3state"/>
        <pin num="16" name="IO16" type="3state"/>
        <pin num="17" name="IO17" type="3state"/>
        <pin num="18" name="IO18" type="3state"/>
        <pin num="19" name="IO19" type="3state"/>
        <pin num="20" name="I020" type="3state"/>
        <pin num="21" name="IO21" type="3state"/>
        <pin num="22" name="IO22" type="3state"/>
        <pin num="23" name="I23" type="input"/>
        <pin num="24" name="VCC" type="power_in"/>
      </pins>
    </libpart>
    <libpart lib="ZX_Spectrum" part="W27E257">
      <fields>
        <field name="Reference">U</field>
        <field name="Value">W27E257</field>
      </fields>
      <pins>
        <pin num="1" name="VPP" type="input"/>
        <pin num="2" name="A12" type="input"/>
        <pin num="3" name="A7" type="input"/>
        <pin num="4" name="A6" type="input"/>
        <pin num="5" name="A5" type="input"/>
        <pin num="6" name="A4" type="input"/>
        <pin num="7" name="A3" type="input"/>
        <pin num="8" name="A2" type="input"/>
        <pin num="9" name="A1" type="input"/>
        <pin num="10" name="A0" type="input"/>
        <pin num="11" name="D0" type="3state"/>
        <pin num="12" name="D1" type="3state"/>
        <pin num="13" name="D2" type="3state"/>
        <pin num="14" name="GND" type="passive"/>
        <pin num="15" name="D3" type="3state"/>
        <pin num="16" name="D4" type="3state"/>
        <pin num="17" name="D5" type="3state"/>
        <pin num="18" name="D6" type="3state"/>
        <pin num="19" name="D7" type="3state"/>
        <pin num="20" name="~CE" type="input"/>
        <pin num="21" name="A10" type="input"/>
        <pin num="22" name="~OE" type="input"/>
        <pin num="23" name="A11" type="input"/>
        <pin num="24" name="A9" type="input"/>
        <pin num="25" name="A8" type="input"/>
        <pin num="26" name="A13" type="input"/>
        <pin num="27" name="A14" type="input"/>
        <pin num="28" name="VCC" type="power_in"/>
      </pins>
    </libpart>
    <libpart lib="ZX_Spectrum" part="WD1772">
      <fields>
        <field name="Reference">U</field>
        <field name="Value">WD1772</field>
        <field name="Footprint">Package_DIP:DIP-28_W15.24mm_Socket_LongPads</field>
      </fields>
      <pins>
        <pin num="1" name="~CS" type="input"/>
        <pin num="2" name="R/~W" type="input"/>
        <pin num="3" name="A0" type="input"/>
        <pin num="4" name="A1" type="input"/>
        <pin num="5" name="D0" type="3state"/>
        <pin num="6" name="D1" type="3state"/>
        <pin num="7" name="D2" type="3state"/>
        <pin num="8" name="D3" type="3state"/>
        <pin num="9" name="D4" type="3state"/>
        <pin num="10" name="D5" type="3state"/>
        <pin num="11" name="D6" type="3state"/>
        <pin num="12" name="D7" type="3state"/>
        <pin num="13" name="~MR" type="input"/>
        <pin num="14" name="GND" type="passive"/>
        <pin num="15" name="VCC" type="power_in"/>
        <pin num="16" name="STEP" type="output"/>
        <pin num="17" name="DIRC" type="input"/>
        <pin num="18" name="CLK" type="input"/>
        <pin num="19" name="~RD" type="input"/>
        <pin num="20" name="MOTOR" type="input"/>
        <pin num="21" name="WG" type="output"/>
        <pin num="22" name="WD" type="output"/>
        <pin num="23" name="~TR00" type="input"/>
        <pin num="24" name="~IP" type="input"/>
        <pin num="25" name="~WPRT" type="input"/>
        <pin num="26" name="~DDEN" type="input"/>
        <pin num="27" name="DRQ" type="output"/>
        <pin num="28" name="INTRQ" type="input"/>
      </pins>
    </libpart>
    <libpart lib="ZX_Spectrum" part="ZX_CONNECTOR_GENERIC_SORTED">
      <fields>
        <field name="Reference">J</field>
        <field name="Value">ZX_CONNECTOR_GENERIC_SORTED</field>
      </fields>
      <pins>
        <pin num="1A" name="A15" type="input"/>
        <pin num="1B" name="A14" type="input"/>
        <pin num="2A" name="A13" type="input"/>
        <pin num="2B" name="A12" type="input"/>
        <pin num="3A" name="D7" type="input"/>
        <pin num="3B" name="+5V" type="input"/>
        <pin num="4A" name="NC_ROM1OE" type="input"/>
        <pin num="4B" name="+9V" type="input"/>
        <pin num="6A" name="D0" type="input"/>
        <pin num="6B" name="GND" type="passive"/>
        <pin num="7A" name="D1" type="input"/>
        <pin num="7B" name="GND" type="passive"/>
        <pin num="8A" name="D2" type="input"/>
        <pin num="8B" name="CLK" type="passive"/>
        <pin num="9A" name="D6" type="input"/>
        <pin num="9B" name="A0" type="input"/>
        <pin num="10A" name="D5" type="input"/>
        <pin num="10B" name="A1" type="input"/>
        <pin num="11A" name="D3" type="input"/>
        <pin num="11B" name="A2" type="input"/>
        <pin num="12A" name="D4" type="input"/>
        <pin num="12B" name="A3" type="input"/>
        <pin num="13A" name="~INT" type="input"/>
        <pin num="13B" name="~IORQGE" type="input"/>
        <pin num="14A" name="~NMI" type="input"/>
        <pin num="14B" name="GND" type="input"/>
        <pin num="15A" name="~HALT" type="input"/>
        <pin num="15B" name="VIDEO_ROM2OE" type="input"/>
        <pin num="16A" name="~MREQ" type="input"/>
        <pin num="16B" name="Y_DISK_RD" type="input"/>
        <pin num="17A" name="~IORQ" type="input"/>
        <pin num="17B" name="V_DISK_WR" type="input"/>
        <pin num="18A" name="~RD" type="input"/>
        <pin num="18B" name="U_MOTOR_ON" type="input"/>
        <pin num="19A" name="~WR" type="input"/>
        <pin num="19B" name="~BUSRQ" type="input"/>
        <pin num="20A" name="-5V_NCC" type="input"/>
        <pin num="20B" name="~RESET" type="input"/>
        <pin num="21A" name="~WAIT" type="input"/>
        <pin num="21B" name="A7" type="input"/>
        <pin num="22A" name="+12V" type="input"/>
        <pin num="22B" name="A6" type="input"/>
        <pin num="23A" name="12VAC_-12VCC" type="input"/>
        <pin num="23B" name="A5" type="input"/>
        <pin num="24A" name="~M1" type="input"/>
        <pin num="24B" name="A4" type="input"/>
        <pin num="25A" name="~RFSH" type="input"/>
        <pin num="25B" name="~ROMCS" type="input"/>
        <pin num="26A" name="A8" type="input"/>
        <pin num="26B" name="~BUSACK" type="input"/>
        <pin num="27A" name="A10" type="input"/>
        <pin num="27B" name="A9" type="input"/>
        <pin num="28A" name="NC_RESET" type="input"/>
        <pin num="28B" name="A11" type="input"/>
      </pins>
    </libpart>
  </libparts>
  <libraries>
    <library logical="74xx">
      <uri>D:\KiCad\share\kicad\library/74xx.lib</uri>
    </library>
    <library logical="Connector">
      <uri>D:\KiCad\share\kicad\library/Connector.lib</uri>
    </library>
    <library logical="Connector_Generic">
      <uri>D:\KiCad\share\kicad\library/Connector_Generic.lib</uri>
    </library>
    <library logical="Device">
      <uri>D:\KiCad\share\kicad\library/Device.lib</uri>
    </library>
    <library logical="Diode">
      <uri>D:\KiCad\share\kicad\library/Diode.lib</uri>
    </library>
    <library logical="Jumper">
      <uri>D:\KiCad\share\kicad\library/Jumper.lib</uri>
    </library>
    <library logical="PlusD_Clone_1_3-rescue">
      <uri>E:\PCBs\ZX Spectrum\PlusD_Clone_1_3/PlusD_Clone_1_3-rescue.lib</uri>
    </library>
    <library logical="Switch">
      <uri>D:\KiCad\share\kicad\library/Switch.lib</uri>
    </library>
    <library logical="ZX_Spectrum">
      <uri>D:\KiCad\share\kicad\library/ZX_Spectrum.lib</uri>
    </library>
  </libraries>
  <nets>
    <net code="1" name="Net-(D3-Pad2)">
      <node ref="SW4" pin="1"/>
      <node ref="D4" pin="2"/>
      <node ref="D3" pin="2"/>
    </net>
    <net code="2" name="GND">
      <node ref="IC7" pin="10"/>
      <node ref="IC7" pin="1"/>
      <node ref="IC8" pin="8"/>
      <node ref="IC5" pin="7"/>
      <node ref="IC9" pin="7"/>
      <node ref="IC6" pin="7"/>
      <node ref="IC3" pin="1"/>
      <node ref="IC3" pin="14"/>
      <node ref="IC4" pin="12"/>
      <node ref="SW1" pin="2"/>
      <node ref="IC11" pin="12"/>
      <node ref="J1" pin="6B"/>
      <node ref="C14" pin="1"/>
      <node ref="J3" pin="24"/>
      <node ref="J4" pin="8"/>
      <node ref="J3" pin="22"/>
      <node ref="J3" pin="20"/>
      <node ref="SW3" pin="1"/>
      <node ref="IC10" pin="7"/>
      <node ref="SW3" pin="2"/>
      <node ref="J3" pin="18"/>
      <node ref="IC2" pin="14"/>
      <node ref="D5" pin="1"/>
      <node ref="C4" pin="1"/>
      <node ref="C13" pin="1"/>
      <node ref="C5" pin="1"/>
      <node ref="C8" pin="1"/>
      <node ref="J2" pin="17"/>
      <node ref="J2" pin="15"/>
      <node ref="J2" pin="13"/>
      <node ref="J2" pin="11"/>
      <node ref="J2" pin="9"/>
      <node ref="J2" pin="7"/>
      <node ref="J2" pin="5"/>
      <node ref="J2" pin="33"/>
      <node ref="J2" pin="31"/>
      <node ref="C7" pin="1"/>
      <node ref="J2" pin="19"/>
      <node ref="C9" pin="1"/>
      <node ref="C10" pin="1"/>
      <node ref="C11" pin="1"/>
      <node ref="C6" pin="1"/>
      <node ref="C12" pin="2"/>
      <node ref="C1" pin="1"/>
      <node ref="C2" pin="1"/>
      <node ref="J3" pin="16"/>
      <node ref="J3" pin="14"/>
      <node ref="J3" pin="12"/>
      <node ref="J3" pin="10"/>
      <node ref="C3" pin="1"/>
      <node ref="J2" pin="3"/>
      <node ref="J2" pin="29"/>
      <node ref="J2" pin="27"/>
      <node ref="J2" pin="25"/>
      <node ref="J2" pin="23"/>
      <node ref="J2" pin="21"/>
      <node ref="IC1" pin="14"/>
      <node ref="J2" pin="1"/>
      <node ref="IC1" pin="26"/>
      <node ref="J1" pin="14B"/>
      <node ref="J1" pin="7B"/>
    </net>
    <net code="3" name="Net-(D2-Pad2)">
      <node ref="D2" pin="2"/>
      <node ref="SW4" pin="3"/>
    </net>
    <net code="4" name="Net-(J2-Pad10)">
      <node ref="J2" pin="10"/>
      <node ref="JP4" pin="2"/>
    </net>
    <net code="5" name="Net-(IC5-Pad4)">
      <node ref="IC5" pin="4"/>
      <node ref="JP7" pin="1"/>
    </net>
    <net code="6" name="Net-(IC5-Pad3)">
      <node ref="IC5" pin="3"/>
      <node ref="JP6" pin="2"/>
    </net>
    <net code="7" name="/WDMOTOR">
      <node ref="IC1" pin="20"/>
      <node ref="JP6" pin="1"/>
    </net>
    <net code="8" name="/P11">
      <node ref="IC7" pin="15"/>
      <node ref="J3" pin="11"/>
    </net>
    <net code="9" name="/P5">
      <node ref="IC7" pin="2"/>
      <node ref="J3" pin="5"/>
    </net>
    <net code="10" name="/P7">
      <node ref="J3" pin="7"/>
      <node ref="IC7" pin="5"/>
    </net>
    <net code="11" name="/P9">
      <node ref="J3" pin="9"/>
      <node ref="IC7" pin="16"/>
    </net>
    <net code="12" name="/P13">
      <node ref="J3" pin="13"/>
      <node ref="IC7" pin="6"/>
    </net>
    <net code="13" name="/P15">
      <node ref="IC7" pin="9"/>
      <node ref="J3" pin="15"/>
    </net>
    <net code="14" name="/P17">
      <node ref="J3" pin="17"/>
      <node ref="IC7" pin="12"/>
    </net>
    <net code="15" name="/P21">
      <node ref="R5" pin="1"/>
      <node ref="J3" pin="21"/>
      <node ref="IC6" pin="5"/>
    </net>
    <net code="16" name="PRN_CS">
      <node ref="IC4" pin="18"/>
      <node ref="IC7" pin="11"/>
    </net>
    <net code="17" name="ROMA14">
      <node ref="SW3" pin="6"/>
      <node ref="IC2" pin="27"/>
      <node ref="R11" pin="1"/>
    </net>
    <net code="18" name="Net-(D1-Pad1)">
      <node ref="D1" pin="1"/>
      <node ref="SW4" pin="2"/>
      <node ref="SW2" pin="2"/>
      <node ref="IC4" pin="21"/>
    </net>
    <net code="19" name="NMI">
      <node ref="SW2" pin="1"/>
      <node ref="J1" pin="14A"/>
    </net>
    <net code="20" name="/MOTOR_ON">
      <node ref="JP7" pin="2"/>
      <node ref="J2" pin="16"/>
      <node ref="JP4" pin="1"/>
    </net>
    <net code="21" name="ROMA13">
      <node ref="R12" pin="1"/>
      <node ref="IC2" pin="26"/>
      <node ref="SW3" pin="5"/>
    </net>
    <net code="22" name="/HEAD">
      <node ref="J2" pin="32"/>
      <node ref="IC6" pin="3"/>
    </net>
    <net code="23" name="Net-(J2-Pad14)">
      <node ref="JP4" pin="4"/>
      <node ref="J2" pin="14"/>
    </net>
    <net code="24" name="A5">
      <node ref="IC3" pin="5"/>
      <node ref="IC2" pin="5"/>
      <node ref="J1" pin="23B"/>
      <node ref="IC4" pin="9"/>
      <node ref="SW3" pin="4"/>
    </net>
    <net code="25" name="A8">
      <node ref="IC10" pin="11"/>
      <node ref="IC2" pin="25"/>
      <node ref="J1" pin="26A"/>
      <node ref="IC3" pin="25"/>
    </net>
    <net code="26" name="A7">
      <node ref="J1" pin="21B"/>
      <node ref="IC2" pin="3"/>
      <node ref="IC10" pin="10"/>
      <node ref="IC3" pin="3"/>
    </net>
    <net code="27" name="A0">
      <node ref="IC10" pin="9"/>
      <node ref="IC2" pin="10"/>
      <node ref="J1" pin="9B"/>
      <node ref="IC3" pin="10"/>
    </net>
    <net code="28" name="A9">
      <node ref="IC3" pin="24"/>
      <node ref="IC10" pin="13"/>
      <node ref="J1" pin="27B"/>
      <node ref="IC2" pin="24"/>
    </net>
    <net code="29" name="A11">
      <node ref="J1" pin="28B"/>
      <node ref="IC2" pin="23"/>
      <node ref="IC3" pin="23"/>
      <node ref="IC10" pin="2"/>
    </net>
    <net code="30" name="A10">
      <node ref="IC2" pin="21"/>
      <node ref="IC10" pin="1"/>
      <node ref="IC3" pin="21"/>
      <node ref="J1" pin="27A"/>
    </net>
    <net code="31" name="/P3">
      <node ref="J3" pin="3"/>
      <node ref="IC7" pin="19"/>
    </net>
    <net code="32" name="J2-DOWN">
      <node ref="IC11" pin="11"/>
      <node ref="J4" pin="2"/>
    </net>
    <net code="33" name="J1-UP">
      <node ref="J4" pin="1"/>
      <node ref="IC11" pin="10"/>
    </net>
    <net code="34" name="JOY_EN">
      <node ref="IC11" pin="1"/>
      <node ref="SW3" pin="3"/>
    </net>
    <net code="35" name="J6-FIRE">
      <node ref="IC11" pin="13"/>
      <node ref="J4" pin="6"/>
    </net>
    <net code="36" name="Net-(D1-Pad2)">
      <node ref="R6" pin="1"/>
      <node ref="D1" pin="2"/>
    </net>
    <net code="37" name="D0">
      <node ref="IC1" pin="5"/>
      <node ref="J1" pin="6A"/>
      <node ref="IC7" pin="18"/>
      <node ref="IC11" pin="23"/>
      <node ref="IC3" pin="11"/>
      <node ref="IC2" pin="11"/>
      <node ref="IC8" pin="4"/>
    </net>
    <net code="38" name="J4-RIGHT">
      <node ref="J4" pin="4"/>
      <node ref="IC11" pin="9"/>
    </net>
    <net code="39" name="J3-LEFT">
      <node ref="J4" pin="3"/>
      <node ref="IC11" pin="8"/>
    </net>
    <net code="40" name="FDC_CS">
      <node ref="IC1" pin="1"/>
      <node ref="IC11" pin="7"/>
      <node ref="IC4" pin="22"/>
    </net>
    <net code="41" name="RD">
      <node ref="J1" pin="18A"/>
      <node ref="IC11" pin="6"/>
      <node ref="IC3" pin="22"/>
      <node ref="IC2" pin="22"/>
      <node ref="IC4" pin="6"/>
    </net>
    <net code="42" name="IORQ">
      <node ref="IC4" pin="5"/>
      <node ref="IC11" pin="5"/>
      <node ref="J1" pin="17A"/>
    </net>
    <net code="43" name="A3">
      <node ref="IC11" pin="4"/>
      <node ref="J1" pin="12B"/>
      <node ref="IC4" pin="11"/>
      <node ref="IC2" pin="7"/>
      <node ref="IC1" pin="3"/>
      <node ref="IC3" pin="7"/>
    </net>
    <net code="44" name="A4">
      <node ref="J1" pin="24B"/>
      <node ref="IC3" pin="6"/>
      <node ref="IC4" pin="10"/>
      <node ref="IC1" pin="4"/>
      <node ref="IC2" pin="6"/>
      <node ref="IC11" pin="3"/>
    </net>
    <net code="45" name="D1">
      <node ref="IC7" pin="3"/>
      <node ref="IC11" pin="22"/>
      <node ref="IC3" pin="12"/>
      <node ref="IC2" pin="12"/>
      <node ref="IC8" pin="5"/>
      <node ref="IC1" pin="6"/>
      <node ref="J1" pin="7A"/>
    </net>
    <net code="46" name="D2">
      <node ref="IC2" pin="13"/>
      <node ref="J1" pin="8A"/>
      <node ref="IC1" pin="7"/>
      <node ref="IC7" pin="4"/>
      <node ref="IC11" pin="21"/>
      <node ref="IC3" pin="13"/>
    </net>
    <net code="47" name="D3">
      <node ref="J1" pin="11A"/>
      <node ref="IC7" pin="17"/>
      <node ref="IC2" pin="15"/>
      <node ref="IC11" pin="20"/>
      <node ref="IC1" pin="8"/>
      <node ref="IC3" pin="15"/>
    </net>
    <net code="48" name="WR">
      <node ref="IC1" pin="2"/>
      <node ref="J1" pin="19A"/>
      <node ref="IC3" pin="27"/>
      <node ref="IC11" pin="2"/>
      <node ref="IC4" pin="7"/>
    </net>
    <net code="49" name="D4">
      <node ref="IC3" pin="16"/>
      <node ref="IC2" pin="16"/>
      <node ref="IC7" pin="14"/>
      <node ref="IC11" pin="19"/>
      <node ref="J1" pin="12A"/>
      <node ref="IC1" pin="9"/>
    </net>
    <net code="50" name="D5">
      <node ref="IC2" pin="17"/>
      <node ref="IC11" pin="18"/>
      <node ref="IC7" pin="7"/>
      <node ref="IC3" pin="17"/>
      <node ref="IC1" pin="10"/>
      <node ref="J1" pin="10A"/>
    </net>
    <net code="51" name="D6">
      <node ref="IC3" pin="18"/>
      <node ref="IC8" pin="12"/>
      <node ref="IC7" pin="8"/>
      <node ref="IC2" pin="18"/>
      <node ref="J1" pin="9A"/>
      <node ref="IC11" pin="17"/>
      <node ref="IC1" pin="11"/>
    </net>
    <net code="52" name="D7">
      <node ref="IC7" pin="13"/>
      <node ref="IC3" pin="19"/>
      <node ref="IC6" pin="6"/>
      <node ref="IC1" pin="12"/>
      <node ref="IC2" pin="19"/>
      <node ref="J1" pin="3A"/>
      <node ref="IC11" pin="16"/>
      <node ref="IC8" pin="13"/>
    </net>
    <net code="53" name="ALT_MOTOR_ON">
      <node ref="IC11" pin="14"/>
      <node ref="JP7" pin="3"/>
    </net>
    <net code="54" name="Net-(IC8-Pad15)">
      <node ref="IC8" pin="15"/>
    </net>
    <net code="55" name="Net-(IC1-Pad28)">
      <node ref="IC1" pin="28"/>
    </net>
    <net code="56" name="Net-(IC1-Pad27)">
      <node ref="IC1" pin="27"/>
    </net>
    <net code="57" name="+5V">
      <node ref="IC6" pin="14"/>
      <node ref="IC6" pin="10"/>
      <node ref="IC9" pin="14"/>
      <node ref="IC5" pin="14"/>
      <node ref="C1" pin="2"/>
      <node ref="IC6" pin="1"/>
      <node ref="IC6" pin="13"/>
      <node ref="IC4" pin="24"/>
      <node ref="J1" pin="3B"/>
      <node ref="C10" pin="2"/>
      <node ref="IC1" pin="15"/>
      <node ref="R11" pin="2"/>
      <node ref="JP6" pin="3"/>
      <node ref="C7" pin="2"/>
      <node ref="C8" pin="2"/>
      <node ref="C9" pin="2"/>
      <node ref="C12" pin="1"/>
      <node ref="C11" pin="2"/>
      <node ref="R5" pin="2"/>
      <node ref="C2" pin="2"/>
      <node ref="C6" pin="2"/>
      <node ref="IC7" pin="20"/>
      <node ref="R2" pin="1"/>
      <node ref="R3" pin="1"/>
      <node ref="R1" pin="1"/>
      <node ref="IC8" pin="16"/>
      <node ref="R4" pin="1"/>
      <node ref="IC3" pin="28"/>
      <node ref="IC3" pin="26"/>
      <node ref="IC11" pin="24"/>
      <node ref="J4" pin="7"/>
      <node ref="IC2" pin="28"/>
      <node ref="C3" pin="2"/>
      <node ref="R12" pin="2"/>
      <node ref="R6" pin="2"/>
      <node ref="IC10" pin="14"/>
      <node ref="R10" pin="2"/>
      <node ref="C5" pin="2"/>
      <node ref="C4" pin="2"/>
    </net>
    <net code="58" name="Net-(IC8-Pad2)">
      <node ref="IC8" pin="2"/>
    </net>
    <net code="59" name="Net-(IC8-Pad7)">
      <node ref="IC8" pin="7"/>
    </net>
    <net code="60" name="Net-(IC6-Pad12)">
      <node ref="IC6" pin="12"/>
      <node ref="IC8" pin="3"/>
    </net>
    <net code="61" name="Net-(IC8-Pad11)">
      <node ref="IC8" pin="11"/>
    </net>
    <net code="62" name="Net-(IC11-Pad15)">
      <node ref="IC11" pin="15"/>
    </net>
    <net code="63" name="Net-(J3-Pad4)">
      <node ref="J3" pin="4"/>
    </net>
    <net code="64" name="Net-(J3-Pad6)">
      <node ref="J3" pin="6"/>
    </net>
    <net code="65" name="Net-(J3-Pad8)">
      <node ref="J3" pin="8"/>
    </net>
    <net code="66" name="Net-(J3-Pad2)">
      <node ref="J3" pin="2"/>
    </net>
    <net code="67" name="Net-(J3-Pad26)">
      <node ref="J3" pin="26"/>
    </net>
    <net code="68" name="Net-(J2-Pad2)">
      <node ref="J2" pin="2"/>
    </net>
    <net code="69" name="Net-(J2-Pad4)">
      <node ref="J2" pin="4"/>
    </net>
    <net code="70" name="Net-(J2-Pad6)">
      <node ref="J2" pin="6"/>
    </net>
    <net code="71" name="Net-(J2-Pad34)">
      <node ref="J2" pin="34"/>
    </net>
    <net code="72" name="Net-(J1-Pad17B)">
      <node ref="J1" pin="17B"/>
    </net>
    <net code="73" name="Net-(J1-Pad16B)">
      <node ref="J1" pin="16B"/>
    </net>
    <net code="74" name="Net-(J1-Pad19B)">
      <node ref="J1" pin="19B"/>
    </net>
    <net code="75" name="Net-(J1-Pad18B)">
      <node ref="J1" pin="18B"/>
    </net>
    <net code="76" name="Net-(J1-Pad13B)">
      <node ref="J1" pin="13B"/>
    </net>
    <net code="77" name="Net-(J1-Pad8B)">
      <node ref="J1" pin="8B"/>
    </net>
    <net code="78" name="Net-(J1-Pad21A)">
      <node ref="J1" pin="21A"/>
    </net>
    <net code="79" name="Net-(J1-Pad15A)">
      <node ref="J1" pin="15A"/>
    </net>
    <net code="80" name="Net-(J1-Pad13A)">
      <node ref="J1" pin="13A"/>
    </net>
    <net code="81" name="Net-(J1-Pad28A)">
      <node ref="J1" pin="28A"/>
    </net>
    <net code="82" name="Net-(J1-Pad25A)">
      <node ref="J1" pin="25A"/>
    </net>
    <net code="83" name="Net-(J1-Pad23A)">
      <node ref="J1" pin="23A"/>
    </net>
    <net code="84" name="Net-(J1-Pad22A)">
      <node ref="J1" pin="22A"/>
    </net>
    <net code="85" name="Net-(J1-Pad20A)">
      <node ref="J1" pin="20A"/>
    </net>
    <net code="86" name="Net-(J1-Pad26B)">
      <node ref="J1" pin="26B"/>
    </net>
    <net code="87" name="Net-(IC6-Pad8)">
      <node ref="SW5" pin="5"/>
      <node ref="IC6" pin="8"/>
    </net>
    <net code="88" name="Net-(IC6-Pad11)">
      <node ref="SW5" pin="2"/>
      <node ref="IC6" pin="11"/>
    </net>
    <net code="89" name="Net-(IC2-Pad1)">
      <node ref="IC2" pin="1"/>
    </net>
    <net code="90" name="Net-(J1-Pad4B)">
      <node ref="J1" pin="4B"/>
    </net>
    <net code="91" name="/DS1">
      <node ref="J2" pin="12"/>
      <node ref="SW5" pin="3"/>
      <node ref="SW5" pin="4"/>
    </net>
    <net code="92" name="/DS0">
      <node ref="SW5" pin="1"/>
      <node ref="SW5" pin="6"/>
      <node ref="JP4" pin="3"/>
    </net>
    <net code="93" name="Net-(J4-Pad5)">
      <node ref="J4" pin="5"/>
    </net>
    <net code="94" name="Net-(IC4-Pad17)">
      <node ref="IC4" pin="17"/>
    </net>
    <net code="95" name="Net-(J4-Pad9)">
      <node ref="J4" pin="9"/>
    </net>
    <net code="96" name="Net-(J3-Pad25)">
      <node ref="J3" pin="25"/>
    </net>
    <net code="97" name="Net-(J3-Pad23)">
      <node ref="J3" pin="23"/>
    </net>
    <net code="98" name="Net-(J3-Pad19)">
      <node ref="J3" pin="19"/>
    </net>
    <net code="99" name="RESET">
      <node ref="C14" pin="2"/>
      <node ref="J1" pin="20B"/>
      <node ref="SW1" pin="1"/>
      <node ref="IC8" pin="1"/>
      <node ref="IC1" pin="13"/>
    </net>
    <net code="100" name="MREQ">
      <node ref="IC4" pin="4"/>
      <node ref="J1" pin="16A"/>
    </net>
    <net code="101" name="M1">
      <node ref="J1" pin="24A"/>
      <node ref="IC10" pin="4"/>
    </net>
    <net code="102" name="A12">
      <node ref="J1" pin="2B"/>
      <node ref="IC2" pin="2"/>
      <node ref="IC10" pin="3"/>
      <node ref="IC3" pin="2"/>
    </net>
    <net code="103" name="A14">
      <node ref="J1" pin="1B"/>
      <node ref="IC4" pin="1"/>
    </net>
    <net code="104" name="A15">
      <node ref="J1" pin="1A"/>
      <node ref="IC4" pin="2"/>
    </net>
    <net code="105" name="A13">
      <node ref="IC4" pin="3"/>
      <node ref="J1" pin="2A"/>
    </net>
    <net code="106" name="A6">
      <node ref="IC3" pin="4"/>
      <node ref="J1" pin="22B"/>
      <node ref="IC2" pin="4"/>
      <node ref="IC4" pin="8"/>
    </net>
    <net code="107" name="A1">
      <node ref="IC3" pin="9"/>
      <node ref="J1" pin="10B"/>
      <node ref="IC2" pin="9"/>
      <node ref="IC4" pin="13"/>
    </net>
    <net code="108" name="A2">
      <node ref="IC3" pin="8"/>
      <node ref="IC2" pin="8"/>
      <node ref="IC4" pin="14"/>
      <node ref="J1" pin="11B"/>
    </net>
    <net code="109" name="DSK_CS">
      <node ref="IC4" pin="19"/>
      <node ref="IC8" pin="9"/>
    </net>
    <net code="110" name="RAM_CS">
      <node ref="IC3" pin="20"/>
      <node ref="IC4" pin="16"/>
    </net>
    <net code="111" name="ROM_CS">
      <node ref="IC4" pin="15"/>
      <node ref="IC2" pin="20"/>
    </net>
    <net code="112" name="PRN_STR">
      <node ref="IC9" pin="9"/>
      <node ref="IC9" pin="10"/>
      <node ref="IC4" pin="20"/>
    </net>
    <net code="113" name="Net-(IC10-Pad8)">
      <node ref="IC9" pin="13"/>
      <node ref="IC10" pin="8"/>
    </net>
    <net code="114" name="Net-(IC10-Pad12)">
      <node ref="IC9" pin="12"/>
      <node ref="IC10" pin="12"/>
    </net>
    <net code="115" name="Net-(IC10-Pad5)">
      <node ref="IC10" pin="5"/>
      <node ref="IC9" pin="11"/>
    </net>
    <net code="116" name="Net-(IC10-Pad6)">
      <node ref="IC10" pin="6"/>
      <node ref="R9" pin="2"/>
    </net>
    <net code="117" name="Net-(IC6-Pad4)">
      <node ref="IC9" pin="8"/>
      <node ref="IC6" pin="4"/>
    </net>
    <net code="118" name="ROMOE2">
      <node ref="J1" pin="15B"/>
      <node ref="D3" pin="1"/>
    </net>
    <net code="119" name="ROMOE1">
      <node ref="D4" pin="1"/>
      <node ref="J1" pin="4A"/>
    </net>
    <net code="120" name="ROM48">
      <node ref="J1" pin="25B"/>
      <node ref="D2" pin="1"/>
    </net>
    <net code="121" name="Net-(D5-Pad2)">
      <node ref="R10" pin="1"/>
      <node ref="D5" pin="2"/>
    </net>
    <net code="122" name="/WDDIRC">
      <node ref="IC5" pin="11"/>
      <node ref="IC1" pin="17"/>
    </net>
    <net code="123" name="/DIR">
      <node ref="J2" pin="18"/>
      <node ref="IC5" pin="10"/>
    </net>
    <net code="124" name="/WDSTEP">
      <node ref="IC5" pin="5"/>
      <node ref="IC1" pin="16"/>
    </net>
    <net code="125" name="/TRACK_0">
      <node ref="IC1" pin="23"/>
      <node ref="J2" pin="26"/>
      <node ref="R2" pin="2"/>
    </net>
    <net code="126" name="/WRITE_PROT">
      <node ref="J2" pin="28"/>
      <node ref="IC1" pin="25"/>
      <node ref="R3" pin="2"/>
    </net>
    <net code="127" name="/WDWD">
      <node ref="IC5" pin="1"/>
      <node ref="IC1" pin="22"/>
    </net>
    <net code="128" name="/GATE_WRITE">
      <node ref="J2" pin="24"/>
      <node ref="IC5" pin="12"/>
    </net>
    <net code="129" name="/STEP">
      <node ref="J2" pin="20"/>
      <node ref="IC5" pin="6"/>
    </net>
    <net code="130" name="Net-(C16-Pad2)">
      <node ref="IC9" pin="3"/>
      <node ref="C16" pin="2"/>
      <node ref="R7" pin="2"/>
      <node ref="IC1" pin="18"/>
    </net>
    <net code="131" name="Net-(C16-Pad1)">
      <node ref="Y1" pin="1"/>
      <node ref="C16" pin="1"/>
    </net>
    <net code="132" name="Net-(C15-Pad2)">
      <node ref="C15" pin="2"/>
      <node ref="IC9" pin="2"/>
      <node ref="R7" pin="1"/>
      <node ref="IC9" pin="1"/>
    </net>
    <net code="133" name="/DATA_WRITE">
      <node ref="J2" pin="22"/>
      <node ref="IC5" pin="2"/>
    </net>
    <net code="134" name="/WDWG">
      <node ref="IC1" pin="21"/>
      <node ref="IC5" pin="13"/>
    </net>
    <net code="135" name="Net-(IC6-Pad2)">
      <node ref="IC6" pin="2"/>
      <node ref="IC8" pin="14"/>
    </net>
    <net code="136" name="Net-(IC5-Pad9)">
      <node ref="IC8" pin="10"/>
      <node ref="IC5" pin="9"/>
    </net>
    <net code="137" name="/P1">
      <node ref="J3" pin="1"/>
      <node ref="IC5" pin="8"/>
    </net>
    <net code="138" name="/INDEX">
      <node ref="J2" pin="8"/>
      <node ref="IC1" pin="24"/>
      <node ref="R1" pin="2"/>
    </net>
    <net code="139" name="Net-(IC6-Pad9)">
      <node ref="IC6" pin="9"/>
      <node ref="IC8" pin="6"/>
    </net>
    <net code="140" name="Net-(IC9-Pad4)">
      <node ref="Y1" pin="2"/>
      <node ref="R8" pin="1"/>
      <node ref="IC9" pin="5"/>
      <node ref="IC9" pin="4"/>
    </net>
    <net code="141" name="Net-(C15-Pad1)">
      <node ref="C15" pin="1"/>
      <node ref="R8" pin="2"/>
      <node ref="IC9" pin="6"/>
    </net>
    <net code="142" name="Net-(C13-Pad2)">
      <node ref="R9" pin="1"/>
      <node ref="C13" pin="2"/>
      <node ref="IC4" pin="23"/>
    </net>
    <net code="143" name="/DATA_READ">
      <node ref="IC1" pin="19"/>
      <node ref="R4" pin="2"/>
      <node ref="J2" pin="30"/>
    </net>
  </nets>
</export>
