Ref,Val,Package,PosX,PosY,Rot,Side
"C1","100n","C_1206_3216Metric_Pad1.33x1.80mm_HandSolder",114.554000,-58.166000,0.000000,bottom
"C2","100n","C_1206_3216Metric_Pad1.33x1.80mm_HandSolder",128.016000,-53.721000,180.000000,bottom
"C3","100n","C_1206_3216Metric_Pad1.33x1.80mm_HandSolder",128.016000,-72.644000,180.000000,bottom
"C4","100n","C_1206_3216Metric_Pad1.33x1.80mm_HandSolder",125.476000,-104.013000,180.000000,bottom
"C5","100n","C_1206_3216Metric_Pad1.33x1.80mm_HandSolder",84.582000,-46.736000,180.000000,bottom
"C6","100n","C_1206_3216Metric_Pad1.33x1.80mm_HandSolder",80.518000,-86.487000,0.000000,bottom
"C7","100n","C_1206_3216Metric_Pad1.33x1.80mm_HandSolder",105.918000,-38.862000,180.000000,bottom
"C8","100n","C_1206_3216Metric_Pad1.33x1.80mm_HandSolder",91.694000,-86.106000,180.000000,bottom
"C9","100n","C_1206_3216Metric_Pad1.33x1.80mm_HandSolder",117.221000,-91.567000,180.000000,bottom
"C10","100n","C_1206_3216Metric_Pad1.33x1.80mm_HandSolder",139.446000,-91.567000,180.000000,bottom
"C11","100n","C_1206_3216Metric_Pad1.33x1.80mm_HandSolder",99.695000,-98.806000,0.000000,bottom
"C13","100p","C_1206_3216Metric_Pad1.33x1.80mm_HandSolder",116.332000,-105.029000,-90.000000,bottom
"C14","100n","C_1206_3216Metric_Pad1.33x1.80mm_HandSolder",137.033000,-112.141000,0.000000,bottom
"C16","33p","C_1206_3216Metric_Pad1.33x1.80mm_HandSolder",112.649000,-105.029000,90.000000,bottom
"R1","470R","R_1206_3216Metric_Pad1.30x1.75mm_HandSolder",104.394000,-48.768000,-90.000000,bottom
"R2","470R","R_1206_3216Metric_Pad1.30x1.75mm_HandSolder",108.077000,-48.768000,-90.000000,bottom
"R3","470R","R_1206_3216Metric_Pad1.30x1.75mm_HandSolder",114.554000,-29.464000,90.000000,bottom
"R4","470R","R_1206_3216Metric_Pad1.30x1.75mm_HandSolder",118.237000,-29.464000,90.000000,bottom
"R5","2K2","R_1206_3216Metric_Pad1.30x1.75mm_HandSolder",135.890000,-45.466000,180.000000,bottom
"R6","680R","R_1206_3216Metric_Pad1.30x1.75mm_HandSolder",135.890000,-42.164000,180.000000,bottom
"R7","2K2","R_1206_3216Metric_Pad1.30x1.75mm_HandSolder",111.735000,-89.890600,-90.000000,bottom
"R8","2K2","R_1206_3216Metric_Pad1.30x1.75mm_HandSolder",118.618000,-100.076000,180.000000,bottom
"R9","270R","R_1206_3216Metric_Pad1.30x1.75mm_HandSolder",120.015000,-105.029000,90.000000,bottom
"R10","680R","R_1206_3216Metric_Pad1.30x1.75mm_HandSolder",97.282000,-37.084000,0.000000,bottom
"R11","10K","R_1206_3216Metric_Pad1.30x1.75mm_HandSolder",121.539000,-57.277000,-90.000000,bottom
"R12","10K","R_1206_3216Metric_Pad1.30x1.75mm_HandSolder",121.539000,-51.054000,-90.000000,bottom
"C12","100u/16v","C_Elec_6.3x5.4",106.045000,-110.109000,90.000000,top
"C15","100u/16v","C_Elec_6.3x5.4",96.901000,-110.236000,-90.000000,top
"D1","LD_ACT","LED_D3.0mm",135.000000,-37.000000,0.000000,top
"D2","1N4148","D_SOD-123",159.004000,-112.648000,90.000000,top
"D3","1N4148","D_SOD-123",129.032000,-112.268000,180.000000,top
"D4","1N4148","D_SOD-123",122.936000,-112.268000,0.000000,top
"D5","LD_PWR","LED_D3.0mm",90.000000,-37.000000,0.000000,top
"IC1","WD1772","DIP-28_W15.24mm_Socket",83.058000,-69.850000,90.000000,top
"IC2","W27E257","DIP-28_W15.24mm_Socket",126.500000,-65.000000,90.000000,top
"IC3","6264/62256","DIP-28_W15.24mm_Socket",126.500000,-84.000000,90.000000,top
"IC4","GAL20V8B","DIP-24_W7.62mm_Socket",124.000000,-108.000000,90.000000,top
"IC5","74LS06","DIP-14_W7.62mm_Socket",83.058000,-50.546000,90.000000,top
"IC6","74LS126","DIP-14_W7.62mm_Socket",82.042000,-82.423000,-90.000000,top
"IC7","74LS374","DIP-20_W7.62mm_Socket",104.380000,-42.833000,90.000000,top
"IC8","74LS175","DIP-16_W7.62mm_Socket",90.284000,-90.096000,90.000000,top
"IC9","74LS00","DIP-14_W7.62mm_Socket",115.762000,-95.500000,90.000000,top
"IC10","74LS27","DIP-14_W7.62mm_Socket",138.000000,-95.500000,90.000000,top
"IC11","GAL22V10","DIP-24_W7.62mm_Socket",101.219000,-94.742000,-90.000000,top
"J1","ZX_CONNECTOR_GENERIC_SORTED","ZX_CONNECTOR_GENERIC_SORTED",124.968000,-118.110000,0.000000,top
"J2","FDD_CONNECTOR","PinHeader_2x17_P2.54mm_Vertical",69.000000,-31.000000,90.000000,top
"J3","PARALLEL_CONNECTOR","PinHeader_2x13_P2.54mm_Vertical",122.682000,-31.000000,90.000000,top
"J4","Kempston","DSUB-9_Male_Horizontal_P2.77x2.84mm_EdgePinOffset4.94mm_Housed_MountingHolesOffset7.48mm",72.500000,-44.000000,-90.000000,top
"J7","CABLE-READY","PinHeader_2x04_P2.54mm_Horizontal",150.876000,-38.608000,0.000000,top
"SW1","RESET","SW_PUSH_6mm",81.000000,-73.500000,0.000000,top
"SW2","NMI","SW_PUSH_6mm",104.000000,-73.500000,0.000000,top
"SW3","ROMSEL_JOY","SW_DIP_SPSTx03_Piano_10.8x9.18mm_W7.62mm_P2.54mm",65.786000,-68.500000,0.000000,top
"SW4","ZX_SEL","SW_CuK_OS102011MA1QN1_SPDT_Angled",159.500000,-93.500000,90.000000,top
"SW5","ABBA","SW_CK_JS202011AQN_DPDT_Angled",157.607000,-34.417000,90.000000,top
"Y1","8.000Mhz","Crystal_HC18-U_Vertical",108.204000,-101.092000,90.000000,top
